SATURDAY, AUG 13
Regulatory Manager  Aloha (Other) 
Network Lead  DataKind (Product) 
 
FRIDAY, AUG 12
Director of Customer Success (Financial Services)  Persado (Other) 
 
TUESDAY, AUG 09
Data Scientist  Magnetic (Other) 
Senior Director of Customer Success (Financial Services)  Persado (Other) 
Senior Credit Strategist  OnDeck (Other) 
Senior Data Scientist  Rocketrip (Other) 
Technical Recruiter  Foursquare (Other) 
 
MONDAY, AUG 08
Data Scientist   Birchbox (Other) 
 
THURSDAY, AUG 04
Product Data Scientist  DemystData (Product) 
Client Manager  DemystData (Other) 
Software Engineer  DemystData (Programming) 
Data Scientist  YieldBot (Other) 
Data Scientist  Crisis Text Line (Other) 
 
TUESDAY, AUG 02
User Experience Researcher  Oscar Health (Other) 
Head of Product Marketing  Oscar Health (Product) 
Head of B2B Marketing  Oscar Health (Marketing) 
Associate Product Marketing Manager  Oscar Health (Product) 
Risk Operations Associate  Oscar Health (Other) 
Risk Manager  Oscar Health (Other) 
Data Scientist  Oscar Health (Other) 
Principal Data Scientist  WeWork (Other) 
 
MONDAY, AUG 01
Principal Data Scientist  VTS (Other) 
Senior Data Scientist  Socure (Other) 
Researcher  Vicarious (Other) 
 
FRIDAY, JUL 29
Data Scientist  Hudl (Other) 
Senior Data Scientist  BuzzFeed (Other) 
Quality Assurance Supplier  Aloha (Other) 
Contract Technical Recruiter  Tapad (Other) 
 
TUESDAY, JUL 26
Lead Software Engineer, Data  JW Player (Programming) 
 
MONDAY, JUL 25
Senior Data Scientist  Celmatix (Other) 
Product Manager, Platform Tools  Celmatix (Product) 
Junior Graphic Designer  Celmatix (Design) 
Customer Success Specialist  Celmatix (Other) 
Digital Marketing Associate  Celmatix (Marketing) 
Data Scientist  JW Player (Other) 
Data Engineer  Casper (Programming) 
Director - Marketing Analytics  Casper (Marketing) 
Analyst - Marketing Analytics  Casper (Marketing) 
Trade Marketing/ Business Development  Aloha (Marketing) 
Email Marketing and eCommerce Analyst  Aloha (Marketing) 
Director of Credit Special Projects  OnDeck (Other) 
Credit Strategist  OnDeck (Other) 
Program Manager, Early Child Development and Nutrition  The New York Academy of Sciences (Other) 
Program Coordinator, Blavatnik Awards  The New York Academy of Sciences (Other) 
 
THURSDAY, JUL 14
Head of Engineering  Aloha (Programming) 
 
FRIDAY, JUL 08
Senior Software Engineer - Learning Analytics  Knewton (Programming) 
 
SUNDAY, JUL 03
Director of Data Services - NEW YORK  JOOR (Other) 
 
SATURDAY, JUL 02
Data Architect  Hackerati (Other) 
Data Scientist   Makerbot (Other) 
Data Scientist  Intent Media (Other) 
 
FRIDAY, JUN 24
Analytics Engineer  OnDeck (Programming) 
 
TUESDAY, JUN 21
Data Scientist  Tapad (Programming) 
DataKind - Media & Communications Specialist  Rework (Media) 
 
SATURDAY, JUN 18
Data Analytics Manager  Intersection (Other) 
 
FRIDAY, JUN 17
Data Science Marketing Analyst  SecurityScorecard (Marketing) 
 
WEDNESDAY, JUN 15
Implementation Manager  Celmatix (Other) 
Senior Data Scientist  Celmatix (Other) 
 
MONDAY, JUN 13
Data Science Instructor Lead  General Assembly (Other) 
 
THURSDAY, JUN 09
R&D Manager  General Assembly (Other) 
 
WEDNESDAY, JUN 08
Data Scientist  SecurityScorecard (Other) 
 
SUNDAY, JUN 05
Principal Test Engineer  Sailthru (Programming) 
 
THURSDAY, JUN 02
Senior Data Scientist - Marketing Analytics  OnDeck (Marketing) 
 
MONDAY, MAY 30
Manager, FP&A  MindSpark (Other) 
 
FRIDAY, MAY 27
Product Manager - Big Data  Fareportal (Product) 
Customer Facing Data Scientist  DataRobot (Other) 
 
THURSDAY, MAY 19
Data Scientist  Skillshare (Other) 
 
WEDNESDAY, MAY 18
Insights and Analytics Manager  Bonobos (Other) 
 
THURSDAY, MAY 12
Senior Data Scientist  Newsela (Other) 
 
WEDNESDAY, MAY 11
Climate/Energy Reporter  BuzzFeed (Other) 
 
TUESDAY, MAY 10
Data Engineer  JW Player (Programming) 
 
MONDAY, MAY 09
Senior Front End Engineer  Knewton (Programming) 
 
FRIDAY, MAY 06
Data Scientist  Splash (Other) 
Data Analyst  Axial (Other) 
 
THURSDAY, MAY 05
Internships  Clarifai (Other, Internship) 
 
TUESDAY, MAY 03
Director of Data   Grovo (Other) 
Director, Financial Planning & Analysis  MindSpark (Other) 
 
TUESDAY, APR 26
Sr iOS Engineer  Hackerati (Programming) 
 
FRIDAY, APR 22
Lead Credit Strategist  OnDeck (Other) 
 
WEDNESDAY, APR 20
Senior Data Scientist  Warby Parker (Other) 
 
MONDAY, APR 18
Data Scientist  Wink (Other) 
 
WEDNESDAY, APR 13
Lead Engineer   XO Group (Programming) 
Data Scientist - Credit  OnDeck (Other) 
Data Scientist   Smartling (Other) 
Lead Data Science Instructor  General Assembly (Other) 
 
TUESDAY, APR 12
Data Scientist  Curalate (Other) 
Data Scientist  Bombfell (Other) 
 
THURSDAY, APR 07
Data Scientist (Contract)  Mic (Other) 
 
WEDNESDAY, APR 06
Senior Data Scientist, Predictive Modeling  Eyeview (Other) 
Software Engineer, Data Infrastructure   Button (Programming) 
 
FRIDAY, APR 01
Data Engineer  OnDeck (Programming) 
Data Scientist  BuzzFeed (Other) 
 
TUESDAY, MAR 29
Summer Intern, Data Science   BuzzFeed (Other, Internship) 
 
SUNDAY, MAR 27
Data Science  Tapad (Other) 
 
FRIDAY, MAR 25
Director of Data Science  Magnetic (Other) 
 
THURSDAY, MAR 24
Director of DevOps  Collective[i] (Programming) 
Technical Instructor, New York  Per Scholas (Other) 
Summer Immersion Program Teacher Assistant   Girls Who Code (Other) 
 
WEDNESDAY, MAR 23
Data Analyst, Moviefone  Aol (Other) 
Research Scientist  Aol (Other) 
Prototype Designer  Intersection (Design) 
Data Scientist   Tremor Video (Other) 
 
TUESDAY, MAR 22
Product Manager - Operations  OnDeck (Product) 
Data Science Intern  PlaceIQ (Other, Internship) 
 
MONDAY, MAR 21
Sr Android Engineer  Hackerati (Programming) 
 
THURSDAY, MAR 17
Senior Data Scientist  Aol (Other) 
Senior Data Scientist  Aol (Other) 
Senior Software Engineer, Web Applications  FiscalNote (Programming) 
Senior Data Scientist (Machine Learning) (Foursquare Labs, Inc.; New York, NY)  Foursquare (Other) 
Data Scientist  Mighty (Other) 
 
WEDNESDAY, MAR 16
Associate Product Manager - Originations  OnDeck (Product) 
 
TUESDAY, MAR 15
Senior Data Visualization Designer  AOL (Design) 
Sr. Research Scientist/Statistician  AOL (Other) 
Sr. Research Scientist  AOL (Other) 
Sr. Distributed Computing Software Engineer  AOL (Programming) 
 
MONDAY, MAR 14
Research Intern in Computer Vision  AiCure (Other, Internship) 
Backend Engineer  AiCure (Programming) 
Front End Engineer  AiCure (Programming) 
User Experience Research Intern  AiCure (Design, Internship) 
Computer Vision Research Scientist  AiCure (Other) 
Computer Vision Research Engineer  AiCure (Other) 
Lead Data Engineer  NY Times (Programming) 
 
FRIDAY, MAR 11
Data Engineering Intern � Personalization   NY Times (Programming) 
Data Science & Engineering Internship  NY Times (Programming) 
 
THURSDAY, MAR 10
Data Scientist, Brand Marketing  BuzzFeed (Marketing) 
Science Reporter  BuzzFeed (Other) 
 
WEDNESDAY, MAR 09
Finance Manager: Planning & Analysis  League Apps (Other) 
 
TUESDAY, MAR 08
Data Scientist  Collective[i] (Programming) 
Data Scientist (Marketing Analytics)  OnDeck (Marketing) 
Program Manager, The Sackler Institute for Nutrition Science  The New York Academy of Sciences (Other) 
Data Scientist/Engineer  Noodle Markets (Programming) 
Data Scientist  Bitly (Other) 
Research Program Manager - Partner Implementations  Knewton (Other) 
Senior Data Scientist  Major League Baseball (Other) 
 
MONDAY, MAR 07
Data Scientist  AdTheorent (Other) 
 
THURSDAY, MAR 03
Deep Learning Research Scientist  WorkFusion (Other) 
Data Scientist  Datadog (Other) 
Senior AI Software Engineer  Pypestream (Programming) 
Sr Agile Project Manager  The Hackerati (Product) 
Sr Backend Engineer  The Hackerati (Programming) 
Sr Data Engineer  The Hackerati (Programming) 
Sr DevOps Engineer   The Hackerati (Programming) 
Sr Frontend Engineer  The Hackerati (Programming) 
Sr Java Engineer  The Hackerati (Programming) 
Sr UI/UX Designer  The Hackerati (Design) 
Sr Web Engineer  The Hackerati (Programming) 
Data Scientist, Platform Optimization  Eyeview (Other) 
Data Scientist, Predictive Modeling  Eyeview (Other) 
Manager, Data & Decisioning  Eyeview (Other) 
Data Scientist  PlaceIQ (Other) 
Data Engineer  PlaceIQ (Programming) 
Lead Software Engineer  PlaceIQ (Programming) 
Software Engineer - NYC or SF  PlaceIQ (Programming) 
Senior Data Engineer  PlaceIQ (Programming) 
Sr. Adserver Engineer  PlaceIQ (Programming) 
Software Engineer/Data Scientist - Innovation  PlaceIQ (Programming) 
Sr. Software Engineer - NYC or SF  PlaceIQ (Programming) 
Director of Product Management  PlaceIQ (Product) 
Reporting Analyst  PlaceIQ (Other) 
 
THURSDAY, FEB 25
Product Communications Associate  Oscar (Product) 
 
TUESDAY, FEB 23
Product Manager - Finance  OnDeck (Product) 
 
WEDNESDAY, FEB 17
Data Engineer - part of the predictive healthcare analytcis  Allazo Health (Programming) 
 
TUESDAY, FEB 16
Data Scientist - Search  Jet.com (Other) 
Data Scientist - Operations  Jet.com (Other) 
Big Data Engineer  Jet.com (Programming) 
 
FRIDAY, FEB 12
Business Intelligence Analyst  Jet.com (Other) 
 
THURSDAY, FEB 11
Data Scientist, Analytics  Facebook (Other) 
Product Analyst  Facebook (Product) 
Research Scientist, AI  Facebook (Other) 
Software Engineer, PhD University Grad (Ranking and Relevance)  Facebook (Programming) 
Software Engineer, PhD University Grad (Systems and Infrastructure)  Facebook (Programming) 
Executive Assistant / Office Manager  Security Scorecard (Other) 
 
WEDNESDAY, FEB 10
Senior Software Engineer, Data Science  AppNexus (Programming) 
Associate Product Manager  BeenVerified (Product) 
 
TUESDAY, FEB 09
Partnerships Lead  HyperScience (Other) 
Data Scientist  ActionIQ (Other) 
 
MONDAY, FEB 08
Data Scientist - User Experience  WeWork (Other) 
 
THURSDAY, FEB 04
Mobile Engineer  BioDigital (Programming) 
 
TUESDAY, FEB 02
Summer 2016 Internship - Marketing  Splash (Marketing, Internship) 
 
MONDAY, FEB 01
Data Scientist  MoLabs Inc. (Other) 
 
FRIDAY, JAN 29
Product Manager  Custora (Product) 
 
THURSDAY, JAN 28
Data Scientist  X.ai (Other) 
Engineering & Research - General Posting  Clarifai (Programming) 
Research Scientist, Deep Learning / Computer Vision  Clarifai (Other) 
Data Ops Engineer  Blue Apron (Programming) 
Data Scientist  NewsCred (Other) 
 
WEDNESDAY, JAN 27
Director of Data Science  Newsela (Other) 
Data Scientist  Talkspace (Other) 
 
TUESDAY, JAN 26
Data Scientist  Carrot Creative (Other) 
Senior Data Scientist  Socure (Other) 
Director of Data Science  Socure (Other) 
Data Scientist  Dataminr (Other) 
 
MONDAY, JAN 25
Senior Data Scientist  Integral Ad Science (Other) 
 
FRIDAY, JAN 22
Lead Data Scientist  Security Scorecard (Other) 
Product Designer  Artsy (Design) 
 
THURSDAY, JAN 21
Director of Front-end Engineering  Vroom (Programming) 
Data Scientist (Business Intelligence)  OnDeck (Other) 
 
WEDNESDAY, JAN 20
Data Scientist  Flocabulary (Other) 
 
MONDAY, JAN 18
Data Scientist  NewsCred (Other) 
Risk Data Scientist  OnDeck (Other) 
Data Jedi (Research Information Scientist)  NYU Center for Urban Science and Progress (CUSP) (Other) 
 
FRIDAY, JAN 15
Data Scientist  NewsCred (Other) 
 
WEDNESDAY, JAN 13
VP of Data  Kickstarter (Other) 
Software Engineer (Data)   PulsePoint (Programming) 
 
TUESDAY, JAN 12
Product Manager  Oscar (Product) 
Risk Product Manager  Oscar (Product) 
Senior Director, Business Analytics  OnDeck (Other) 
Senior Data Scientist  OnDeck (Other) 
Director of Customer Management, Credit Analytics  OnDeck (Other) 
 
MONDAY, JAN 11
Head of Merchandising and Planning  Warby Parker (Other) 
Data Scientist - Intern 2016  Dataminr (Other, Internship) 
 
THURSDAY, JAN 07
Lead Data Scientist   TheLadders (Other) 
 
THURSDAY, DEC 31
Data Scientist  Recombine (Other) 
 
SATURDAY, DEC 26
Data Scientist  Button (Other) 
 
THURSDAY, DEC 10
Senior Data Scientist  Sailthru (Other) 
Research Scientist, Machine Learning  Clarifai (Other) 
Engineering & Research - Generalist  Clarifai (Programming) 
 
WEDNESDAY, DEC 09
Senior Data Scientist  Integral Ad Science (Other) 
 
TUESDAY, DEC 08
Sr. Product Manager  Managed By Q (Product) 
Director of Product   Managed By Q (Product) 
 
MONDAY, DEC 07
Technical Business and Integrations Project Manager  Custora (Product) 
Customer Success Lead  Custora (Other) 
Customer Success Associate  Custora (Other) 
Graphic Designer  Custora (Design) 
 
THURSDAY, DEC 03
Customer Success Lead  Custora (Other) 
Head of Business Intelligence  TheLadders (Other) 
Data Scientist  NewsCred (Other) 
 
TUESDAY, DEC 01
Data Scientist  ChatID (Other) 
Data Scientist - User Experience  WeWork (Other) 
Senior Data Scientist  Integral Ad Science (Other) 
Senior Data Engineer, Data Science  Integral Ad Science (Programming) 
Data Scientist  About.com (Other) 
 
MONDAY, NOV 30
Data Scientist  Medivo (Other) 
Full Stack Engineer  TransferWise (Programming) 
Data Scientist  TiVo (Other) 
Head of Content and Data Quality   Placemeter (Other) 
Data Scientist - New York City  Pivotal Labs (Other) 
Adaptive Instruction Analyst  Knewton (Other) 
Data Science Internship  Knewton (Other, Internship) 
Product Data Scientist  Gilt (Product) 
 
FRIDAY, NOV 27
Email Marketing Manager  Learnvest (Marketing) 
 
TUESDAY, NOV 24
Data Scientist  Handy (Other) 
Technical Business Development Lead  Hyper Science (Sales) 
 
MONDAY, NOV 23
Sales Operations Associate  Casper (Sales) 
 
FRIDAY, NOV 20
Sr. Data Engineer  PulsePoint (Programming) 
Linux Administrator  PulsePoint (Design) 
Sr. Data Scientist  PulsePoint (Other) 
 
THURSDAY, NOV 19
Lead Software Engineer   XO Group (Programming) 
Data Scientist  Vox Media (Other) 
Sr. Data Scientist - User & Product Analytics  Tumblr (Product) 
Content Intelligence: Data Engineer  Tumblr (Programming) 
Director, Data Science  Birchbox (Other) 
Director, Analytics  Birchbox (Other) 
Data Scientist  X.ai (Other) 
Senior Data Scientist  Metis (Other) 
Data Scientist  CrowdTwist (Other) 
 
WEDNESDAY, NOV 18
Senior Data Scientist  Collective[i] (Other) 
Engineering Manager - Data Engineering  ZocDoc (Programming) 
Business Intelligence Manager  ZocDoc (Other) 
Data Scientist  ZocDoc (Other) 
Head of Data Science  ZocDoc (Other) 
 
MONDAY, NOV 16
Algorithm Engineer  Shutterstock (Programming) 
 
FRIDAY, NOV 13
Lead Data Scientist  OnDeck (Other) 
Software Engineer  Fiscal Note (Programming) 
Software Development Engineer In Test  Fiscal Note (Programming) 
Senior Software Engineer  Fiscal Note (Programming) 
Front-End Javascript Engineer  Fiscal Note (Programming) 
 
THURSDAY, NOV 12
Impact Analyst  Timshel (Other) 
Data Scientist  Timshel (Other) 
Director of Marketing  Kinnek (Marketing) 
 
WEDNESDAY, NOV 11
Data Scientist  TheLadders (Other) 
Data Science Engineer  TheLadders (Programming) 
Data Science Internship (Year-Long)  Chexology (Other, Internship) 
Marketing Intern  BioDigital (Marketing, Internship) 
Community Manager  Two Sigma Investments (Marketing) 
 
TUESDAY, NOV 10
Senior Data & Model Risk Analyst  OnDeck (Other) 
 
MONDAY, NOV 09
Customer Success Analyst  BioDigital (Other) 
Data Scientist  Quartet Health (Other) 
Data Engineer  Quartet Health (Programming) 
 
TUESDAY, NOV 03
Product Manager - Line of Credit  OnDeck (Product) 
 
THURSDAY, OCT 29
Software Engineer, Data Analyst  Pager (Programming) 
Data Engineer  Pager (Programming) 
 
TUESDAY, OCT 27
Principal Software Engineer  JW Player (Programming) 
 
SATURDAY, OCT 24
Data Engineer  JW Player (Programming) 
 
WEDNESDAY, OCT 21
Data Scientist  Dataminr (Other) 
 
MONDAY, OCT 19
Sales Development / Product Specialist   EDITED (Programming) 
 
SUNDAY, OCT 18
Scale Model - Product Designer  Betaworks (Design) 
 
THURSDAY, OCT 15
Software Engineer: New Grad  Oscar (Programming) 
Software Engineer: Internship 2016  Oscar (Programming, Internship) 
 
FRIDAY, OCT 09
Data Scientist Consultant  PayPerks (Other) 
 
MONDAY, OCT 05
Senior Software Engineer - Recommendations and Adaptive Tools  Knewton (Programming) 
 
FRIDAY, OCT 02
Senior Engineer (Backend)  Sailthru (Programming) 
 
TUESDAY, SEP 29
Junior Data Scientist  Unified Social (Other) 
 
SATURDAY, SEP 26
Associate Product Manager  OnDeck (Product) 
 
MONDAY, SEP 14
Consumer Insights Manager  UncommonGoods (Other) 
 
SATURDAY, SEP 12
Analytics Engineer  Unified Social (Programming) 
 
THURSDAY, SEP 10
Associate Business Intelligence Engineer  Managed By Q (Programming) 
Senior Data Engineer - Map Reduce, Spark  Knewton (Programming) 
 
TUESDAY, SEP 08
Engineering Internship (Summer 2016)  Venmo (Programming, Internship) 
 
TUESDAY, SEP 01
Senior Engineer (Backend)  Sailthru (Programming) 
 
MONDAY, AUG 31
Credit Strategist  OnDeck (Other) 
 
FRIDAY, AUG 28
iOS Engineer  Venmo (Programming) 
 
MONDAY, AUG 17
Growth Hacker  pymetrics (Other) 
 
MONDAY, AUG 10
Ad Product Engineer  SheKnows Media (Programming) 
 
FRIDAY, AUG 07
Senior Risk Data Scientist  OnDeck (Other) 
 
MONDAY, AUG 03
Data Product Manager  OnDeck (Product) 
 
SUNDAY, AUG 02
Featured Job	Data Science Instructor  Metis (Other) 
Featured Job	Career Advisor  Metis (Other) 
Featured Job	Data Science Lead  Metis (Programming) 
 
THURSDAY, JUL 30
Program Manager, Junior Academy  The New York Academy of Sciences (Other) 
 
FRIDAY, JUL 17
DevOps Engineer- Analytics  OnDeck (Programming) 
 
THURSDAY, JUL 16
Data Scientist  Quirky (Other) 
 
WEDNESDAY, JUL 15
Sr. Data Engineer  PulsePoint (Programming) 
 
FRIDAY, JUL 10
Presales Engineer   Continuum Analytics (Programming) 
 
MONDAY, JUL 06
Data Scientist  NY Times (Other) 
 
FRIDAY, JUL 03
Presales Engineer - NYC, Austin, West Coast  Continuum Analytics (Programming) 
Internal Tools Engineer  Venmo (Programming) 
User Interface Engineer  Venmo (Programming) 
Support Engineer  Venmo (Programming) 
Senior Web Engineer  Venmo (Programming) 
Senior Platform Engineer  Venmo (Programming) 
Senior Android Engineer  Venmo (Programming) 
Lead Web Engineer  Venmo (Programming) 
Lead Security Engineer  Venmo (Programming) 
iOS QA Engineer  Venmo (Programming) 
Engineering Manager  Venmo (Programming) 
DevOps  Venmo (Other) 
Data Engineer  Venmo (Programming) 
Android QA Engineer  Venmo (Programming) 
 
THURSDAY, JUL 02
Personalization Software Engineer  NY Times (Programming) 
Lead Data Engineer  NY Times (Programming) 
Full Stack Data Engineer � Newsroom Audience Development  NY Times (Programming) 
Data Science Software Architect  NY Times (Other) 
Data Scientist  NY Times (Other) 
 
MONDAY, JUN 29
Data Engineer, Backend  JW Player (Programming) 
 
FRIDAY, JUN 26
Data Scientist  Amazon (Other) 
Marketing Business Analyst  Amazon (Marketing) 
 
THURSDAY, JUN 25
Marketing & Audience Development Manager   SYPartners (Marketing) 
 
WEDNESDAY, JUN 24
VP of Technology  JW Player (Other) 
Software Engineering Team Lead, Data  JW Player (Programming) 
Data Engineer  JW Player (Programming) 
 
TUESDAY, JUN 23
Data Scientist  Bombfell (Other) 
Data Scientist  Kickstarter (Other) 
Lead Data Scientist  Namely (Other) 
Economist  Amazon (Other) 
 
THURSDAY, JUN 18
Data Scientist  Visible World (Other) 
Hadoop Solutions Architect  Amazon (Other) 
 
MONDAY, JUN 15
Data Scientist  TodayTix (Other) 
 
FRIDAY, JUN 12
Software Engineer in Test  Dataminr (Programming) 
Lead Software Engineer in Test  Dataminr (Programming) 
Data Scientist  Dataminr (Other) 
Data Engineer  TodayTix (Programming) 
 
THURSDAY, JUN 11
Social Media and Content Associate  CartoDB (Media) 
Communications and PR Manager  CartoDB (Marketing) 
 
TUESDAY, JUN 09
Program Manager, Google in Residence  Google (Other) 
Coordinator, University Programs  Google (Other) 
Engineering Resident, University Graduate  Google (Programming) 
 
FRIDAY, JUN 05
Decision Scientist  Eyeview (Other) 
Data Scientist  Eyeview (Other) 
Data Science Instructor  Metis (Other) 
Data Science Instructor  Metis (Other) 
Data Science Lead  Metis (Other) 
Statistician/Quantitative Analyst, Engineering  Google (Programming) 
 
THURSDAY, JUN 04
Software Engineer, Distributed Data  BuzzFeed (Programming) 
 
MONDAY, JUN 01
Coordinator, Development Systems  The New York Academy of Sciences (Other) 
 
FRIDAY, MAY 29
Director / Manager Customer Success  Celmatix (Sales) 
Data Scientist/Growth Hacker  Hinge (Other) 
 
THURSDAY, MAY 28
Senior Policy Development Associate  Uber (Other) 
 
WEDNESDAY, MAY 27
Senior Copywriter- Digital Pharma  RAPP (Media) 
Content Strategist  RAPP (Other) 
 
SATURDAY, MAY 23
Data Scientist  LiveIntent (Other) 
 
WEDNESDAY, MAY 20
Data Scientist  R/GA (Other) 
 
TUESDAY, MAY 19
Director / Manager, Customer Success  Celmatix (Sales) 
Manager, Marketing & Communications  Celmatix (Marketing) 
 
MONDAY, MAY 18
HR Coordinator   Continuum Analytics (Other) 
 
FRIDAY, MAY 15
Computer and Information Research Scientists.  Collective[i] (Other) 
 
THURSDAY, MAY 14
Director of Engagements & Impact  DataKind (Other) 
Director of Capital & Growth  DataKind (Other) 
Summer Communications Fellow  DataKind (Marketing) 
Research Scientist, Machine Learning  Clarifai (Other) 
Data Scientist  Clarifai (Other) 
IT Support Administrator  The New York Academy of Sciences (Other) 
Sr. Product Manager  CafeMom (Product) 
Engineering Manager - Data Engineering  ZocDoc (Programming) 
Data Scientist  ZocDoc (Other) 
Data Scientist  Socure (Other) 
Junior Data Scientist  Socure (Other) 
 
WEDNESDAY, MAY 13
Product Designer  Artsy (Design) 
Senior Data Scientist  Collective[i] (Other) 
Data Scientist  X.AI (Other) 
Algorithm Engineer  Shutterstock (Programming) 
Senior Data Scientist  Shutterstock (Other) 
 
TUESDAY, MAY 12
Data Scientist  Bonobos (Other) 
Risk Associate  Oscar (Other) 
 
MONDAY, MAY 11
Customer Insight Data Scientist  Aloha (Other) 
Featured Job	Sr. Data Scientist  Keen Home (Programming) 
 
FRIDAY, MAY 08
Senior C++ Engineer  Ufora (Programming) 
 
THURSDAY, MAY 07
Senior Staff Accountant  RAPP (Sales) 
Senior Human Resources Generalist  RAPP (Other) 
Human Resources Director  RAPP (Other) 
 
WEDNESDAY, MAY 06
Director of Engagements & Impact  DataKind (Marketing) 
 
MONDAY, MAY 04
Featured Job	Sr. Backend Software Engineer  Keen Home (Programming) 
Associate Data Engineer / Data Wrangler  Seed Scientific (Programming) 
 
THURSDAY, APR 30
Senior Account Executive, Pharma  RAPP (Sales) 
Management Supervisor, Pharma (Digital)  RAPP (Other) 
Account Supervisor, Pharma  RAPP (Sales) 
 
TUESDAY, APR 21
Associate Data Engineer  Seed Scientific (Programming) 
 
WEDNESDAY, APR 15
Senior Marketing Analytics Manager  Harrys (Marketing) 
 
TUESDAY, APR 14
Senior Recruiter  Enigma.io (Other) 
 
MONDAY, APR 13
Data Scientist  Integral Ad Science (Other) 
 
FRIDAY, APR 03
Senior Manager- Industry Research and Corporate Projects  RAPP (Other) 
Group Account Director  RAPP (Sales) 
Group Account Director  RAPP (Sales) 
Account Director  RAPP (Sales) 
Data Scientist  Bond Street (Other) 
Data Scientist  Craft Coffee (Other) 
Senior Data Scientist  Unified Social (Other) 
Program Coordinator, Blavatnik Awards  The New York Academy of Sciences (Other) 
Data Scientist  Tapad (Other) 
Data Scientist  Augmate (Other) 
 
THURSDAY, APR 02
Data Engineer  Knewton (Programming) 
 
WEDNESDAY, APR 01
Data Classifier (Temporary)   SumAll (Other) 
 
TUESDAY, MAR 31
Algorithmist  Enigma.io (Other) 
Backend Engineer  Enigma.io (Programming) 
Data Miner  Enigma.io (Other) 
Frontend Engineer  Enigma.io (Programming) 
Designer  Oscar (Design) 
Data Scientist  Via (Other) 
Data Engineer at Intent Media  Intent Media (Programming) 
 
MONDAY, MAR 30
Technical Product Manager  Oscar (Product) 
 
FRIDAY, MAR 27
Data Scientist  Intent Media (Other) 
 
TUESDAY, MAR 24
Campaign Manager  Persado (Other) 
 
THURSDAY, MAR 19
Featured Job	Marketing Data Scientist   Bounce Exchange (Marketing) 
Data Engineer  The Orchard (Programming) 
Data Scientist  Intent Media (Programming) 
 
WEDNESDAY, MAR 18
Facilitator  Decoded (Other) 
Junior Data Scientist  Enigma (Other) 
 
MONDAY, MAR 16
Data Engineer  Seed Scientific (Programming) 
Quantitative Scientist  Context Relevant (Other) 
 
WEDNESDAY, MAR 11
Data Scientist   Intent Media (Programming) 
 
MONDAY, MAR 09
Senior Risk Data Scientist  OnDeck Capital (Other) 
Data Scientist   Intent Media (Programming) 
 
THURSDAY, MAR 05
Lead Software Engineer in Test  Dataminr (Programming) 
 
WEDNESDAY, MAR 04
Summer Intern  The Hackerati (Other, Internship) 
Android Engineer  The Hackerati (Programming) 
Frontend Engineer  The Hackerati (Programming) 
Fullstack Engineer  The Hackerati (Programming) 
iOS Engineer  The Hackerati (Programming) 
Java Engineer  The Hackerati (Programming) 
UI/UX Designer  The Hackerati (Design) 
 
THURSDAY, FEB 19
Risk Data Scientist  OnDeck Capital (Other) 
 
WEDNESDAY, FEB 18
Executive Director, The Sackler Institute For Nutrition Science  NY Academy of Sciences (Other) 
Senior Software Engineer - Data Science  Knewton (Programming) 
 
FRIDAY, FEB 13
Data Engineer  Honest Buildings (Programming) 
 
FRIDAY, JAN 30
Sr. Data Scientist  Dstillery (Other) 
Client Facing Consultant - Python Developer  Continuum Analytics (Programming) 
 
THURSDAY, JAN 29
Senior Data Scientist  Eyeview (Other) 
 
WEDNESDAY, JAN 28
Senior Data Scientist  Eyeview (Other) 
 
MONDAY, JAN 26
Senior Risk Data Scientist  OnDeck Capital (Other) 
Senior Data Scientist  OnDeck Capital (Other) 
Data Scientist  OnDeck Capital (Other) 
Data Engineer  OnDeck Capital (Programming) 
Credit Data Scientist  OnDeck Capital (Other) 
 
WEDNESDAY, JAN 21
Backend PHP guru interested in building the future of science.  Stirplate.io (Programming) 
 
TUESDAY, JAN 20
Data Scientist   Contently (Other) 
Data Scientist  OnDeck Capital (Other) 
 
FRIDAY, JAN 16
Software Engineer in Test  Dataminr (Programming) 
 
THURSDAY, JAN 15
Associate Director, Web Content and Development  NY Academy of Sciences (Other) 
Featured Job	Part Time Data Science Instructor  General Assembly (Other) 
 
TUESDAY, JAN 13
Supply Chain Specialist  Recombine (Other) 
 
MONDAY, JAN 12
Data Scientist - Content Representation  Knewton (Other) 
 
THURSDAY, JAN 08
Data Scientist / Mathematical Modeler  IgnitionOne (Other) 
VP Analytics & Modeling  Eyeview (Other) 
 
MONDAY, JAN 05
Fearless Full Stack Engineers for a Successful Startup  The Hackerati (Programming) 
Fearless iOS Engineer for successful startup  The Hackerati (Programming) 
Fearless Android Engineer for successful startup  The Hackerati (Programming) 
 
TUESDAY, DEC 30
VP Analytics & Modeling  Eyeview (Other) 
 
MONDAY, DEC 29
iOS Engineer @ The Hackerati  The Hackerati (Programming) 
Journeyman - Engineer @ The Hackerati  The Hackerati (Programming) 
Fearless Android Engineer for successful startup  The Hackerati (Programming) 
 
MONDAY, DEC 22
Data Scientist   Augmate (Programming) 
 
FRIDAY, DEC 19
Fearless Fullstack Engineers for a Successful Startup  The Hackerati (Programming) 
 
TUESDAY, DEC 16
Materials Scientist  Makerbot (Other) 
Front End Developer   Mavin (Programming) 
 
MONDAY, DEC 15
Featured Job	Education Program Producer, Part-Time Courses  General Assembly (Other) 
 
FRIDAY, DEC 12
Growth Marketing, Marketing Services  Atlantic Media (Marketing) 
Data Scientist, Marketing  Atlantic Media (Marketing) 
Marketing Producer  Atlantic Media (Marketing) 
 
SUNDAY, DEC 07
Community Engagement  Commune (Marketing) 
 
THURSDAY, DEC 04
Data Scientist  SeatGeek (Other) 
Sr. Data Engineer  Rent the Runway (Programming) 
 
WEDNESDAY, DEC 03
Data Engineer  The Orchard (Programming) 
 
MONDAY, DEC 01
Senior Technical Product Manager  Birchbox (Product) 
Senior Data Scientist  Birchbox (Other) 
 
FRIDAY, NOV 28
Data Scientist  Dstillery (Other) 
Software Engineer in Test - Lead  Dataminr (Programming) 
QA Engineer - Front End  Dataminr (Programming) 
Data Scientist Intern  Dataminr (Other, Internship) 
Data Scientist  Dataminr (Other) 
Client Facing Data Scientist   Continuum Analytics (Other) 
Client Facing Consultant --- Python Developer  Continuum Analytics (Programming) 
 
WEDNESDAY, NOV 26
Data Scientist  BuzzFeed (Other) 
Data Engineer  BuzzFeed (Programming) 
Risk Data Scientist  OnDeck Capital (Other) 
 
TUESDAY, NOV 25
Client Facing Consultant ---C++ developer  Continuum Analytics (Programming) 
Data Engineer  The Orchard (Programming) 
Betaworks - Data Scientist  Betaworks (Other) 
Data Science Engineer  Canary (Programming) 
Data Analyst  BuzzFeed (Other) 
Data Scientist  OnDeck Capital (Other) 
Data Engineer  OnDeck Capital (Programming) 
Credit Data Scientist  OnDeck Capital (Other) 
 
MONDAY, NOV 24
Junior Data Scientist  Handy (Other) 
Data Scientist  Handy (Other) 
 
THURSDAY, NOV 20
Network Scientist  Enigma (Other) 
 
MONDAY, NOV 17
Director, Engineering  Seed Scientific (Programming) 
Senior Accounting Manager  Seed Scientific (Other) 
Relationship Manager  Seed Scientific (Other) 
Network Scientist  Seed Scientific (Other) 
Director, Client Engagements  Seed Scientific (Other) 
 
FRIDAY, NOV 14
Project Manager  Seed Scientific (Product) 
Front-End Developer  Seed Scientific (Programming) 
Design Technologist  Seed Scientific (Design) 
Data Engineer  SumAll (Programming) 
 
MONDAY, NOV 10
Grant Writer  NY Academy of Sciences (Media) 
 
THURSDAY, NOV 06
Data Scientist  Seed Scientific (Other) 
Data Engineer  Seed Scientific (Programming) 
Data Analyst  Grovo (Other) 
 
WEDNESDAY, NOV 05
Data Scientist  Little Bits (Other) 
 
TUESDAY, OCT 28
Data Scientist  DramaFever (Other) 
 
MONDAY, OCT 27
Data Scientist  DramaFever (Product) 
 
TUESDAY, OCT 21
Director, Policy Evaluation & Transformation  NY Academy of Sciences (Other) 
 
TUESDAY, OCT 07
Featured Job	Data Scientist  GrubHub (Other) 
Oracle Developer / Oracle Analyst  The Mount Sinai Health System (Programming) 
Business Analyst - Analytics & Innovation  The Mount Sinai Health System (Programming) 
Oracle Developer / ETL Developer  The Mount Sinai Health System (Programming) 
Senior Oracle Developer / ETL Developer  The Mount Sinai Health System (Programming) 
 
WEDNESDAY, SEP 24
Data Analyst  TED (Other) 
 
FRIDAY, SEP 05
Senior User Experience Designer  Knewton (Design) 
